{
  "learning_curve": {
    "summary": "ICL tracks ridge on standard data but diverges on adversarial \u2014 interesting failure",
    "data": {
      "classification": "icl_tracks_then_diverges",
      "corr_standard": 0.9693531941227014,
      "corr_adversarial": -0.2247227447442854,
      "icl_vs_averaging_standard": 0.22255799174308777,
      "icl_curve_adversarial": [
        872378176.0,
        872374592.0,
        872365760.0,
        872377216.0,
        872380800.0,
        872371328.0,
        872364544.0,
        872375296.0,
        872377024.0,
        872373056.0,
        872379072.0
      ],
      "icl_curve_standard": [
        0.9249852299690247,
        0.8543113470077515,
        0.6728032827377319,
        0.5094488263130188,
        0.2653481960296631,
        0.3506229817867279,
        0.13440872728824615,
        0.07051744312047958,
        0.043809592723846436,
        0.03991396725177765,
        0.0321049727499485
      ],
      "ridge_curve_adversarial": [
        872380416.0,
        0.00016419061284977943,
        0.000101747595181223,
        6.945066706975922e-05,
        6.843457231298089e-05,
        7.070954598020762e-05,
        8.356859325431287e-05,
        7.803648622939363e-05,
        0.0001288864586967975,
        0.00011884146078955382,
        0.004209544509649277
      ],
      "ridge_curve_standard": [
        0.94023597240448,
        0.8634835481643677,
        0.7024388313293457,
        0.5674317479133606,
        0.3339110016822815,
        0.26482927799224854,
        0.17280201613903046,
        0.12851449847221375,
        0.10531242191791534,
        0.0773802250623703,
        0.05167797952890396
      ],
      "fitness": 29.997894287109375
    },
    "plots": []
  },
  "algorithm_id": {
    "summary": "Model is ridge-like, does not adapt regularization to noise",
    "data": {
      "identified_algorithm": "ridge-like",
      "ridge_vs_ols": {
        "null_space_pred_mean_abs": 0.03410289064049721,
        "typical_pred_mean_abs": 0.20116358505321502,
        "null_space_norm_ratio": 0.1695281510889546,
        "interpretation": "ridge"
      },
      "regularization_adaptation": {
        "noise_levels": [
          0.01,
          0.1,
          0.5,
          1.0
        ],
        "shrinkage_estimates": [
          1.0139291286468506,
          1.136901617050171,
          1.0364536046981812,
          1.4622739553451538
        ],
        "adapts_regularization": false
      },
      "preconditioned_gd": {
        "isotropic_errors": [
          0.6315460801124573,
          0.9843711853027344,
          0.9338676929473877,
          0.5450176000595093,
          0.4646654725074768,
          0.2839769124984741,
          0.0776451975107193,
          0.0352347195148468,
          0.04417106509208679,
          0.04197951406240463,
          0.02013404667377472
        ],
        "anisotropic_errors": [
          2.454292058944702,
          6.446671962738037,
          1.4529260396957397,
          2.049384832382202,
          1.1972672939300537,
          1.7407102584838867,
          0.6163718104362488,
          0.5463743209838867,
          0.7728524804115295,
          0.4585612416267395,
          0.47518372535705566
        ],
        "final_error_ratio": 23.600992738636634,
        "interpretation": "vanilla_gd"
      }
    },
    "plots": []
  },
  "weight_recovery": {
    "summary": "At k=10: cos_sim(w_hat, w_true)=-0.549, cos_sim(w_hat, w_ridge)=-0.520",
    "data": {
      "per_k": {
        "1": {
          "w_hat": [
            -0.2525275945663452,
            -1.1140060424804688,
            -0.30388274788856506,
            -1.3206610679626465,
            0.5417447090148926
          ],
          "cos_sim_to_true_w": 0.11499128490686417,
          "cos_sim_to_ridge": 0.0,
          "l2_distance_to_ridge": 1.8533098697662354
        },
        "5": {
          "w_hat": [
            -2.096902847290039,
            -4.539812088012695,
            -3.8353610038757324,
            -3.298837423324585,
            -3.42561936378479
          ],
          "cos_sim_to_true_w": -0.6684883832931519,
          "cos_sim_to_ridge": -0.14672888815402985,
          "l2_distance_to_ridge": 10.249133110046387
        },
        "10": {
          "w_hat": [
            -1.4538383483886719,
            -4.581304550170898,
            -3.3695502281188965,
            -4.839786529541016,
            -2.6729183197021484
          ],
          "cos_sim_to_true_w": -0.549168050289154,
          "cos_sim_to_ridge": -0.5201667547225952,
          "l2_distance_to_ridge": 11.555047035217285
        }
      }
    },
    "plots": []
  },
  "attention": {
    "summary": "Error: 'NoneType' object has no attribute 'shape'",
    "data": {},
    "plots": []
  },
  "gradient_attribution": {
    "summary": "Sensitivity Gini: std=0.477, adv=0.903 (diff=+0.426)",
    "data": {
      "adversarial": {
        "gini_coefficient": 0.902945876121521,
        "max_mean_ratio": 10.919883728027344,
        "top3_mass_fraction": 0.9949769973754883,
        "sensitivity_per_point": [
          6.658073914422857e-08,
          6.741144176203306e-08,
          6.745719360878866e-08,
          6.747970360265754e-08,
          6.749250047732858e-08,
          6.750562420165807e-08,
          6.751816528094423e-08,
          6.752386383368503e-08,
          6.753310799467727e-08,
          6.753685966032208e-08,
          0.00010288103658240288
        ]
      },
      "standard": {
        "gini_coefficient": 0.4772073030471802,
        "max_mean_ratio": 3.5575218200683594,
        "top3_mass_fraction": 0.62666916847229,
        "sensitivity_per_point": [
          0.3172328770160675,
          0.2626168429851532,
          0.3016946613788605,
          0.27682942152023315,
          0.2277768850326538,
          0.21500910818576813,
          0.27839842438697815,
          0.20246204733848572,
          0.2031688094139099,
          0.1330665946006775,
          1.0753254890441895
        ]
      }
    },
    "plots": []
  },
  "pipeline_ablation": {
    "summary": "Load-bearing component: stage_2_mixture_injection (fitness=11.3741, 38% of full)",
    "data": {
      "full_fitness": 30.053234100341797,
      "ablations": {
        "base_only": {
          "base": "gaussian",
          "fitness": 0.2938011586666107,
          "fraction_of_full": 0.009776024689652586
        },
        "stage_0_dimension_interaction": {
          "transform": "dimension_interaction",
          "fitness": 0.05288643389940262,
          "fraction_of_full": 0.001759758490724416
        },
        "stage_2_mixture_injection": {
          "transform": "mixture_injection",
          "fitness": 11.374056816101074,
          "fraction_of_full": 0.37846365467159754
        },
        "stage_3_elementwise_power": {
          "transform": "elementwise_power",
          "fitness": 0.15528962016105652,
          "fraction_of_full": 0.005167151714551043
        },
        "stage_4_affine": {
          "transform": "affine",
          "fitness": 1.2821295261383057,
          "fraction_of_full": 0.04266194850879974
        },
        "stage_7_affine": {
          "transform": "affine",
          "fitness": 0.7675743103027344,
          "fraction_of_full": 0.025540489502213
        }
      }
    },
    "plots": []
  }
}