{
  "n_samples": 50000,
  "eval_seeds": [
    7001,
    7002,
    7003,
    7004,
    7005
  ],
  "sampler_source": "results_tier1_v2/results/flip_flop/retrain/round_2_redone/sampler.json",
  "summary": {
    "baseline": {
      "planted_decoy_a1.00_n2": {
        "values": [
          0.0,
          0.0,
          0.0,
          0.0,
          0.0
        ],
        "mean": 0.0,
        "std": 0.0,
        "min": 0.0,
        "max": 0.0
      },
      "piecewise_c02_a1.00": {
        "values": [
          0.13008760419319312,
          0.12975010502174233,
          0.1303262859375836,
          0.12982155709831664,
          0.12943444083054984
        ],
        "mean": 0.1298839986162771,
        "std": 0.0003036451699172709,
        "min": 0.12943444083054984,
        "max": 0.1303262859375836
      },
      "stationary_c00_a1.00": {
        "values": [
          0.06909763583110276,
          0.06737573744762546,
          0.06960126930020295,
          0.06852453401239264,
          0.06856322354841604
        ],
        "mean": 0.06863248002794797,
        "std": 0.0007417241118734158,
        "min": 0.06737573744762546,
        "max": 0.06960126930020295
      },
      "piecewise_c00_a1.00": {
        "values": [
          0.11813060436216641,
          0.11973604982488721,
          0.11869570812270826,
          0.11800322472252539,
          0.11930998575670584
        ],
        "mean": 0.11877511455779861,
        "std": 0.0006673824209493143,
        "min": 0.11800322472252539,
        "max": 0.11973604982488721
      },
      "piecewise_c01_a1.00": {
        "values": [
          0.13202843166264788,
          0.13007613014539662,
          0.13101667279290488,
          0.13128072038063782,
          0.13175213366008034
        ],
        "mean": 0.1312308177283335,
        "std": 0.0006766993470029195,
        "min": 0.13007613014539662,
        "max": 0.13202843166264788
      }
    },
    "R2-redone-v2": {
      "planted_decoy_a1.00_n2": {
        "values": [
          0.0,
          0.0,
          0.0,
          0.0,
          0.0
        ],
        "mean": 0.0,
        "std": 0.0,
        "min": 0.0,
        "max": 0.0
      },
      "piecewise_c02_a1.00": {
        "values": [
          0.00024167792604655464,
          0.0002514033986495583,
          0.0002529474047758416,
          0.0002518314646355511,
          0.00022408672481013522
        ],
        "mean": 0.00024438938378352814,
        "std": 1.0930422313004213e-05,
        "min": 0.00022408672481013522,
        "max": 0.0002529474047758416
      },
      "stationary_c00_a1.00": {
        "values": [
          0.0023683731098560756,
          0.0026008604139515982,
          0.002548131370328426,
          0.0028159998203150663,
          0.0025997262855604417
        ],
        "mean": 0.0025866182000023217,
        "std": 0.000142900486866747,
        "min": 0.0023683731098560756,
        "max": 0.0028159998203150663
      },
      "piecewise_c00_a1.00": {
        "values": [
          0.0003700947781451215,
          0.0003524364281413335,
          0.00036005027705673844,
          0.00036987932035977277,
          0.00033628196788572124
        ],
        "mean": 0.00035774855431773745,
        "std": 1.2600918003756355e-05,
        "min": 0.00033628196788572124,
        "max": 0.0003700947781451215
      },
      "piecewise_c01_a1.00": {
        "values": [
          0.00020146439431618576,
          0.00017631464607983276,
          0.00019949544930459342,
          0.00017459006724076915,
          0.0001761665528924346
        ],
        "mean": 0.0001856062219667631,
        "std": 1.2175291913940995e-05,
        "min": 0.00017459006724076915,
        "max": 0.00020146439431618576
      }
    },
    "R4": {
      "planted_decoy_a1.00_n2": {
        "values": [
          0.0,
          0.0,
          0.0,
          0.0,
          0.0
        ],
        "mean": 0.0,
        "std": 0.0,
        "min": 0.0,
        "max": 0.0
      },
      "piecewise_c02_a1.00": {
        "values": [
          9.73199702200891e-06,
          1.7841531517065425e-05,
          3.242915445844123e-06,
          4.874157380042925e-06,
          4.871450539350766e-06
        ],
        "mean": 8.112410380862428e-06,
        "std": 5.328807429150893e-06,
        "min": 3.242915445844123e-06,
        "max": 1.7841531517065425e-05
      },
      "stationary_c00_a1.00": {
        "values": [
          0.0,
          0.0,
          0.0,
          0.0,
          0.0
        ],
        "mean": 0.0,
        "std": 0.0,
        "min": 0.0,
        "max": 0.0
      },
      "piecewise_c00_a1.00": {
        "values": [
          0.016578682280148714,
          0.016407151208232707,
          0.016826176305052273,
          0.016527354138610974,
          0.01674528393753725
        ],
        "mean": 0.016616929573916382,
        "std": 0.00015083276431279174,
        "min": 0.016407151208232707,
        "max": 0.016826176305052273
      },
      "piecewise_c01_a1.00": {
        "values": [
          9.443643483571208e-06,
          1.2593903291416625e-05,
          7.854151547424938e-06,
          1.1010184420589044e-05,
          6.291662603301236e-06
        ],
        "mean": 9.438709069260611e-06,
        "std": 2.228880154100597e-06,
        "min": 6.291662603301236e-06,
        "max": 1.2593903291416625e-05
      }
    }
  }
}