{
  "T": 512,
  "base_p_i": 0.8,
  "replay_frac": 0.5,
  "families": [
    {
      "name": "piecewise_c04_a1.0",
      "kind": "ClusterFamily",
      "alpha": 0.98046875,
      "cluster_size": 238,
      "cluster_mean_glitch": 0.9967228044670312,
      "rep_config": {
        "name": "piecewise",
        "T": 512,
        "segments": [
          [
            0.0,
            0.9986671901804485,
            2.926466333683165e-07,
            0.9998612134716857
          ],
          [
            0.25,
            2.5123531714197147e-05,
            1.2514757308347967e-07,
            0.0010526990513346603
          ],
          [
            0.5,
            0.9999869062067174,
            3.103313259839653e-09,
            0.9999904668400593
          ],
          [
            0.75,
            3.1124681699391934e-06,
            2.3794880261034892e-07,
            5.3332752485322165e-05
          ]
        ]
      },
      "dist": {
        "name": "piecewise",
        "T": 512,
        "segments": [
          [
            0.0,
            0.9811150966222366,
            0.0019534119308788097,
            0.9900982991460668
          ],
          [
            0.25,
            0.0019777578377354037,
            0.0019532477032845465,
            0.01079776352298828
          ],
          [
            0.5,
            0.9824090369448675,
            0.001953128042701672,
            0.9902250280345894
          ],
          [
            0.75,
            0.0019561766777759946,
            0.001953358301365059,
            0.009817916097163343
          ]
        ]
      }
    },
    {
      "name": "piecewise_c03_a1.0",
      "kind": "ClusterFamily",
      "alpha": 0.9765625,
      "cluster_size": 190,
      "cluster_mean_glitch": 0.9980121261694465,
      "rep_config": {
        "name": "piecewise",
        "T": 512,
        "segments": [
          [
            0.0,
            0.9998665248296565,
            1.538041463155642e-06,
            0.9996632518460116
          ],
          [
            0.25,
            0.00036513759332029586,
            4.1355030689252185e-06,
            0.9997951078884464
          ],
          [
            0.5,
            0.9999754270514148,
            5.212621506061251e-07,
            0.9999785618409635
          ],
          [
            0.75,
            2.7040675616998033e-07,
            3.2399607463397254e-06,
            3.4988982289510756e-05
          ]
        ]
      },
      "dist": {
        "name": "piecewise",
        "T": 512,
        "segments": [
          [
            0.0,
            0.9787759031539615,
            0.0023452519936163624,
            0.9879523943808707
          ],
          [
            0.25,
            0.002700329680976851,
            0.002347788577215747,
            0.988081160047311
          ],
          [
            0.5,
            0.9788822529798973,
            0.0023442590450689508,
            0.9882603142978159
          ],
          [
            0.75,
            0.002344014069097822,
            0.0023469140241663467,
            0.0117529189280171
          ]
        ]
      }
    },
    {
      "name": "piecewise_c02_a1.0",
      "kind": "ClusterFamily",
      "alpha": 0.984375,
      "cluster_size": 65,
      "cluster_mean_glitch": 0.9972485662583702,
      "rep_config": {
        "name": "piecewise",
        "T": 512,
        "segments": [
          [
            0.0,
            0.021542317321927008,
            1.8455761584998094e-05,
            0.9992143249789877
          ],
          [
            0.25,
            1.0685513752044745e-06,
            1.2219690924144448e-08,
            0.008283753597961427
          ],
          [
            0.5,
            0.9999823693669607,
            1.7311166196971549e-09,
            0.9999493995403657
          ],
          [
            0.75,
            7.20522447099091e-07,
            1.0528166189053636e-07,
            0.00013141771911180815
          ]
        ]
      },
      "dist": {
        "name": "piecewise",
        "T": 512,
        "segments": [
          [
            0.0,
            0.0227682186137719,
            0.001580667390310232,
            0.991414101151191
          ],
          [
            0.25,
            0.0015635518552599666,
            0.0015625120287582532,
            0.01596681994799328
          ],
          [
            0.5,
            0.985920144845602,
            0.0015625017040679222,
            0.9921376901725475
          ],
          [
            0.75,
            0.0015632092642838629,
            0.001562603636635923,
            0.007941864317250686
          ]
        ]
      }
    },
    {
      "name": "piecewise_c01_a1.0",
      "kind": "ClusterFamily",
      "alpha": 0.984375,
      "cluster_size": 39,
      "cluster_mean_glitch": 0.9937606995692995,
      "rep_config": {
        "name": "piecewise",
        "T": 512,
        "segments": [
          [
            0.0,
            0.007793790717585565,
            4.224394510498719e-06,
            0.9996746737065774
          ],
          [
            0.25,
            0.00012077358744742029,
            1.0905625085870941e-08,
            0.9933296316257074
          ],
          [
            0.5,
            0.9999962985011662,
            1.8223355483188585e-06,
            0.9998290614441734
          ],
          [
            0.75,
            9.18726495160198e-09,
            4.640383409130512e-05,
            3.978470160094028e-06
          ]
        ]
      },
      "dist": {
        "name": "piecewise",
        "T": 512,
        "segments": [
          [
            0.0,
            0.009234512737623289,
            0.0015666583883462719,
            0.9918672569299121
          ],
          [
            0.25,
            0.001681386500143554,
            0.0015625107352246937,
            0.9856213561315558
          ],
          [
            0.5,
            0.9859338563370855,
            0.001564293861555376,
            0.9920192323591082
          ],
          [
            0.75,
            0.0015625090437139365,
            0.001608178774183628,
            0.007816416306563843
          ]
        ]
      }
    },
    {
      "name": "piecewise_c00_a1.0",
      "kind": "ClusterFamily",
      "alpha": 0.96875,
      "cluster_size": 19,
      "cluster_mean_glitch": 0.9106195119270568,
      "rep_config": {
        "name": "piecewise",
        "T": 512,
        "segments": [
          [
            0.0,
            0.9987517354372274,
            2.688545112633398e-05,
            0.988260017459316
          ],
          [
            0.25,
            0.9246534060744078,
            4.588569046024131e-06,
            0.9936930476746925
          ],
          [
            0.5,
            0.999462817049302,
            6.742099138976387e-07,
            0.9999397571452888
          ],
          [
            0.75,
            6.635199754044112e-07,
            1.8758701743631607e-05,
            0.0012790354062407023
          ]
        ]
      },
      "dist": {
        "name": "piecewise",
        "T": 512,
        "segments": [
          [
            0.0,
            0.9706657437048141,
            0.0031510452807786355,
            0.9730018919137124
          ],
          [
            0.25,
            0.8988829871345826,
            0.0031294451762633353,
            0.9782651399348583
          ],
          [
            0.5,
            0.9713546040165113,
            0.0031256531408540874,
            0.9843166397344986
          ],
          [
            0.75,
            0.0031256427849761723,
            0.003143172492314142,
            0.01686406554979568
          ]
        ]
      }
    }
  ]
}