{
  "ffl_0.8_in": {
    "error_rate": 0.0,
    "num_predictions": 26523
  },
  "ffl_0.98_sparse": {
    "error_rate": 0.006658390700823835,
    "num_predictions": 35444
  },
  "ffl_0.1_dense": {
    "error_rate": 0.001207114157683267,
    "num_predictions": 345452
  },
  "family_00": {
    "name": "planted_decoy_a1.00_n2",
    "family_dict": {
      "name": "planted_decoy_a1.00_n2",
      "kind": "MixtureFamily",
      "alpha": 1.0,
      "cluster_size": 5,
      "cluster_mean_glitch": 0.8224,
      "rep_config": {
        "name": "planted",
        "T": 512,
        "template": "decoy",
        "filler_p_i": 1.0,
        "params": {
          "k_early": 5,
          "k_true": 128,
          "b_decoy": 0
        }
      },
      "axis": "planted",
      "base_dist": {
        "name": "stationary",
        "T": 512,
        "p_w": 0.09999999999999998,
        "p_r": 0.09999999999999998,
        "bit_p1": 0.5
      },
      "adv_dists": [
        {
          "name": "planted",
          "T": 512,
          "template": "decoy",
          "filler_p_i": 1.0,
          "params": {
            "k_early": 5,
            "k_true": 128,
            "b_decoy": 0
          }
        },
        {
          "name": "planted",
          "T": 512,
          "template": "decoy",
          "filler_p_i": 1.0,
          "params": {
            "k_early": 5,
            "k_true": 128,
            "b_decoy": 1
          }
        }
      ],
      "n_adv_variants": 2
    },
    "T_glitch": 0.0,
    "lstm_glitch": 0.0,
    "num_predictions": 5000
  },
  "family_01": {
    "name": "piecewise_c02_a1.00",
    "family_dict": {
      "name": "piecewise_c02_a1.00",
      "kind": "ClusterFamily",
      "alpha": 1.0,
      "cluster_size": 432,
      "cluster_mean_glitch": 0.0841019037041467,
      "rep_config": {
        "name": "piecewise",
        "T": 512,
        "segments": [
          [
            0.0,
            0.8240959922286223,
            0.17585383996557652,
            0.44257097280654983
          ],
          [
            0.25,
            0.9877277570486092,
            0.001979912979642019,
            0.8416597460456123
          ],
          [
            0.5,
            0.9569227747458195,
            0.0015735914206675067,
            0.16545424042981913
          ],
          [
            0.75,
            0.9337782576876967,
            0.00027053574861572933,
            0.26510091516282447
          ]
        ]
      },
      "dist": {
        "name": "piecewise",
        "T": 512,
        "segments": [
          [
            0.0,
            0.8240959922286223,
            0.17585383996557652,
            0.44257097280654983
          ],
          [
            0.25,
            0.9877277570486092,
            0.001979912979642019,
            0.8416597460456123
          ],
          [
            0.5,
            0.9569227747458195,
            0.0015735914206675067,
            0.16545424042981913
          ],
          [
            0.75,
            0.9337782576876967,
            0.00027053574861572933,
            0.26510091516282447
          ]
        ]
      },
      "axis": "piecewise"
    },
    "T_glitch": 0.0003085267037981261,
    "lstm_glitch": 0.0,
    "num_predictions": 61583
  },
  "family_02": {
    "name": "stationary_c00_a1.00",
    "family_dict": {
      "name": "stationary_c00_a1.00",
      "kind": "ClusterFamily",
      "alpha": 1.0,
      "cluster_size": 46,
      "cluster_mean_glitch": 0.0649516936067919,
      "rep_config": {
        "name": "stationary",
        "T": 512,
        "p_w": 0.007467523683175042,
        "p_r": 0.02412689541370557,
        "bit_p1": 0.5028444368108573
      },
      "dist": {
        "name": "stationary",
        "T": 512,
        "p_w": 0.007467523683175042,
        "p_r": 0.02412689541370557,
        "bit_p1": 0.5028444368108573
      },
      "axis": "stationary"
    },
    "T_glitch": 0.002420625985138482,
    "lstm_glitch": 0.0,
    "num_predictions": 35528
  },
  "family_03": {
    "name": "piecewise_c00_a1.00",
    "family_dict": {
      "name": "piecewise_c00_a1.00",
      "kind": "ClusterFamily",
      "alpha": 1.0,
      "cluster_size": 507,
      "cluster_mean_glitch": 0.07184040905139234,
      "rep_config": {
        "name": "piecewise",
        "T": 512,
        "segments": [
          [
            0.0,
            0.7828752741530449,
            0.2169044338532655,
            0.46203483900843517
          ],
          [
            0.25,
            0.9902921016749622,
            0.009316121643134506,
            0.4450123541875606
          ],
          [
            0.5,
            0.9811329829266346,
            0.0005307458486914717,
            0.9749491461684557
          ],
          [
            0.75,
            0.014189670955662741,
            0.0015468137308454516,
            0.06546403618647242
          ]
        ]
      },
      "dist": {
        "name": "piecewise",
        "T": 512,
        "segments": [
          [
            0.0,
            0.7828752741530449,
            0.2169044338532655,
            0.46203483900843517
          ],
          [
            0.25,
            0.9902921016749622,
            0.009316121643134506,
            0.4450123541875606
          ],
          [
            0.5,
            0.9811329829266346,
            0.0005307458486914717,
            0.9749491461684557
          ],
          [
            0.75,
            0.014189670955662741,
            0.0015468137308454516,
            0.06546403618647242
          ]
        ]
      },
      "axis": "piecewise"
    },
    "T_glitch": 0.00035213563743071406,
    "lstm_glitch": 0.0,
    "num_predictions": 76675
  },
  "family_04": {
    "name": "piecewise_c01_a1.00",
    "family_dict": {
      "name": "piecewise_c01_a1.00",
      "kind": "ClusterFamily",
      "alpha": 1.0,
      "cluster_size": 489,
      "cluster_mean_glitch": 0.06206056841169434,
      "rep_config": {
        "name": "piecewise",
        "T": 512,
        "segments": [
          [
            0.0,
            0.8158922342772028,
            0.18345399817004865,
            0.459147882952071
          ],
          [
            0.25,
            0.9861390738158725,
            0.0007451055425203492,
            0.01935493515626211
          ],
          [
            0.5,
            0.9559606468505752,
            0.000767947138670498,
            0.9848740595276855
          ],
          [
            0.75,
            0.9826382043743277,
            0.0009984270119171336,
            0.35397603085178947
          ]
        ]
      },
      "dist": {
        "name": "piecewise",
        "T": 512,
        "segments": [
          [
            0.0,
            0.8158922342772028,
            0.18345399817004865,
            0.459147882952071
          ],
          [
            0.25,
            0.9861390738158725,
            0.0007451055425203492,
            0.01935493515626211
          ],
          [
            0.5,
            0.9559606468505752,
            0.000767947138670498,
            0.9848740595276855
          ],
          [
            0.75,
            0.9826382043743277,
            0.0009984270119171336,
            0.35397603085178947
          ]
        ]
      },
      "axis": "piecewise"
    },
    "T_glitch": 0.0001730811593290745,
    "lstm_glitch": 0.0,
    "num_predictions": 63554
  }
}