{
  "scratch": {
    "0": {
      "isotropic": {
        "icl_curve": [
        "ridge_curve": [
        "icl_ridge_ratio_at_d": 0.9602891206741333,
        "icl_ridge_ratio_at_d_half": 0.9508388042449951
      "rank_1": {
        "icl_curve": [
        "ridge_curve": [
        "icl_ridge_ratio_at_d": 5.28268575668335,
        "icl_ridge_ratio_at_d_half": 1.0352216958999634
      "rank_2": {
        "icl_curve": [
        "ridge_curve": [
        "icl_ridge_ratio_at_d": 1.6081079244613647,
        "icl_ridge_ratio_at_d_half": 0.6793817281723022
      "rank_half": {
        "icl_curve": [
        "ridge_curve": [
        "icl_ridge_ratio_at_d": 1.9288477897644043,
        "icl_ridge_ratio_at_d_half": 0.8389835953712463
      "exp_decay": {
        "icl_curve": [
        "ridge_curve": [
        "icl_ridge_ratio_at_d": 1.3619831800460815,
        "icl_ridge_ratio_at_d_half": 0.907649576663971
      "power_law": {
        "icl_curve": [
        "ridge_curve": [
        "icl_ridge_ratio_at_d": 1.2048336267471313,
        "icl_ridge_ratio_at_d_half": 0.9403812289237976
      "step_function": {
        "icl_curve": [
        "ridge_curve": [
        "icl_ridge_ratio_at_d": 4.647648811340332,
        "icl_ridge_ratio_at_d_half": 1.4843682050704956
      "wishart": {
        "icl_curve": [
        "ridge_curve": [
        "icl_ridge_ratio_at_d": 1.1459170579910278,
        "icl_ridge_ratio_at_d_half": 0.919109582901001
      "condition_2": {
        "icl_curve": [
        "ridge_curve": [
        "icl_ridge_ratio_at_d": 1.3808367252349854,
        "icl_ridge_ratio_at_d_half": 0.9665713310241699
      "condition_10": {
        "icl_curve": [
        "ridge_curve": [
        "icl_ridge_ratio_at_d": 1.2223845720291138,
        "icl_ridge_ratio_at_d_half": 1.0213193893432617
      "condition_100": {
        "icl_curve": [
        "ridge_curve": [
        "icl_ridge_ratio_at_d": 1.4393072128295898,
        "icl_ridge_ratio_at_d_half": 0.7845628261566162
      "condition_1000": {
        "icl_curve": [
        "ridge_curve": [
        "icl_ridge_ratio_at_d": 3.2043912410736084,
        "icl_ridge_ratio_at_d_half": 1.0422348976135254
    "1": {
      "isotropic": {
        "icl_curve": [
        "ridge_curve": [
        "icl_ridge_ratio_at_d": 20.572811126708984,
        "icl_ridge_ratio_at_d_half": 7.788895130157471
      "rank_1": {
        "icl_curve": [
        "ridge_curve": [
        "icl_ridge_ratio_at_d": 358.3451843261719,
        "icl_ridge_ratio_at_d_half": 63.819889068603516
      "rank_2": {
        "icl_curve": [
        "ridge_curve": [
        "icl_ridge_ratio_at_d": 100.4390869140625,
        "icl_ridge_ratio_at_d_half": 21.2210693359375
      "rank_half": {
        "icl_curve": [
        "ridge_curve": [
        "icl_ridge_ratio_at_d": 139.80816650390625,
        "icl_ridge_ratio_at_d_half": 19.276813507080078
      "exp_decay": {
        "icl_curve": [
        "ridge_curve": [
        "icl_ridge_ratio_at_d": 33.77715301513672,
        "icl_ridge_ratio_at_d_half": 12.735877990722656
      "power_law": {
        "icl_curve": [
        "ridge_curve": [
        "icl_ridge_ratio_at_d": 33.7425537109375,
        "icl_ridge_ratio_at_d_half": 13.250829696655273
      "step_function": {
        "icl_curve": [
        "ridge_curve": [
        "icl_ridge_ratio_at_d": 327.5411376953125,
        "icl_ridge_ratio_at_d_half": 89.66671752929688
      "wishart": {
        "icl_curve": [
        "ridge_curve": [
        "icl_ridge_ratio_at_d": 45.14055633544922,
        "icl_ridge_ratio_at_d_half": 14.121238708496094
      "condition_2": {
        "icl_curve": [
        "ridge_curve": [
        "icl_ridge_ratio_at_d": 20.622562408447266,
        "icl_ridge_ratio_at_d_half": 8.769878387451172
      "condition_10": {
        "icl_curve": [
        "ridge_curve": [
        "icl_ridge_ratio_at_d": 32.08018112182617,
        "icl_ridge_ratio_at_d_half": 14.274900436401367
      "condition_100": {
        "icl_curve": [
        "ridge_curve": [
        "icl_ridge_ratio_at_d": 89.26841735839844,
        "icl_ridge_ratio_at_d_half": 37.93668746948242
      "condition_1000": {
        "icl_curve": [
        "ridge_curve": [
        "icl_ridge_ratio_at_d": 257.11328125,
        "icl_ridge_ratio_at_d_half": 53.0609016418457
    "2": {
      "isotropic": {
        "icl_curve": [
        "ridge_curve": [
        "icl_ridge_ratio_at_d": 86.84263610839844,
        "icl_ridge_ratio_at_d_half": 30.504426956176758
      "rank_1": {
        "icl_curve": [
        "ridge_curve": [
        "icl_ridge_ratio_at_d": 1519.015625,
        "icl_ridge_ratio_at_d_half": 230.6431427001953
      "rank_2": {
        "icl_curve": [
        "ridge_curve": [
        "icl_ridge_ratio_at_d": 441.53057861328125,
        "icl_ridge_ratio_at_d_half": 83.94559478759766
      "rank_half": {
        "icl_curve": [
        "ridge_curve": [
        "icl_ridge_ratio_at_d": 629.6898193359375,
        "icl_ridge_ratio_at_d_half": 79.49641418457031
      "exp_decay": {
        "icl_curve": [
        "ridge_curve": [
        "icl_ridge_ratio_at_d": 163.68930053710938,
        "icl_ridge_ratio_at_d_half": 51.815914154052734
      "power_law": {
        "icl_curve": [
        "ridge_curve": [
        "icl_ridge_ratio_at_d": 160.19497680664062,
        "icl_ridge_ratio_at_d_half": 59.800228118896484
      "step_function": {
        "icl_curve": [
        "ridge_curve": [
        "icl_ridge_ratio_at_d": 1442.0194091796875,
        "icl_ridge_ratio_at_d_half": 313.3069152832031
      "wishart": {
        "icl_curve": [
        "ridge_curve": [
        "icl_ridge_ratio_at_d": 184.06124877929688,
        "icl_ridge_ratio_at_d_half": 62.48030090332031
      "condition_2": {
        "icl_curve": [
        "ridge_curve": [
        "icl_ridge_ratio_at_d": 90.70496368408203,
        "icl_ridge_ratio_at_d_half": 35.853965759277344
      "condition_10": {
        "icl_curve": [
        "ridge_curve": [
        "icl_ridge_ratio_at_d": 153.81484985351562,
        "icl_ridge_ratio_at_d_half": 58.6301155090332
      "condition_100": {
        "icl_curve": [
        "ridge_curve": [
        "icl_ridge_ratio_at_d": 473.28558349609375,
        "icl_ridge_ratio_at_d_half": 173.08090209960938
      "condition_1000": {
        "icl_curve": [
        "ridge_curve": [
        "icl_ridge_ratio_at_d": 1160.534423828125,
        "icl_ridge_ratio_at_d_half": 207.4531707763672
  "cumulative": {
    "0": {
      "isotropic": {
        "icl_curve": [
        "ridge_curve": [
        "icl_ridge_ratio_at_d": 0.9602891206741333,
        "icl_ridge_ratio_at_d_half": 0.9508388042449951
      "rank_1": {
        "icl_curve": [
        "ridge_curve": [
        "icl_ridge_ratio_at_d": 5.28268575668335,
        "icl_ridge_ratio_at_d_half": 1.0352216958999634
      "rank_2": {
        "icl_curve": [
        "ridge_curve": [
        "icl_ridge_ratio_at_d": 1.6081079244613647,
        "icl_ridge_ratio_at_d_half": 0.6793817281723022
      "rank_half": {
        "icl_curve": [
        "ridge_curve": [
        "icl_ridge_ratio_at_d": 1.9288477897644043,
        "icl_ridge_ratio_at_d_half": 0.8389835953712463
      "exp_decay": {
        "icl_curve": [
        "ridge_curve": [
        "icl_ridge_ratio_at_d": 1.3619831800460815,
        "icl_ridge_ratio_at_d_half": 0.907649576663971
      "power_law": {
        "icl_curve": [
        "ridge_curve": [
        "icl_ridge_ratio_at_d": 1.2048336267471313,
        "icl_ridge_ratio_at_d_half": 0.9403812289237976
      "step_function": {
        "icl_curve": [
        "ridge_curve": [
        "icl_ridge_ratio_at_d": 4.647648811340332,
        "icl_ridge_ratio_at_d_half": 1.4843682050704956
      "wishart": {
        "icl_curve": [
        "ridge_curve": [
        "icl_ridge_ratio_at_d": 1.1459170579910278,
        "icl_ridge_ratio_at_d_half": 0.919109582901001
      "condition_2": {
        "icl_curve": [
        "ridge_curve": [
        "icl_ridge_ratio_at_d": 1.3808367252349854,