{
  "learning_curve": {
    "summary": "ICL-ridge corr: std=0.99, adv=0.89",
    "data": {
      "classification": "icl_tracks_then_diverges",
      "corr_standard": 0.9905481293319829,
      "corr_adversarial": 0.8924321582439154,
      "icl_vs_averaging_standard": 0.20740953087806702,
      "icl_curve_adversarial": [
        942784128.0,
        942800768.0,
        942793920.0,
        942787776.0,
        942790272.0,
        942787456.0,
        942800576.0,
        942787968.0,
        942780032.0,
        942782336.0,
        942783104.0
      ],
      "icl_curve_standard": [
        0.9761355519294739,
        0.8694818615913391,
        0.6215078234672546,
        0.4568184018135071,
        0.2992210388183594,
        0.2908702492713928,
        0.1651630699634552,
        0.0652068704366684,
        0.04082087427377701,
        0.03837915509939194,
        0.03446720913052559
      ],
      "ridge_curve_adversarial": [
        942787776.0,
        0.00010442287020850927,
        7.520466897403821e-05,
        7.441193156410009e-05,
        6.629377458011732e-05,
        6.948858208488673e-05,
        6.934404518688098e-05,
        8.909851021599025e-05,
        0.00019013583369087428,
        0.00011793970770668238,
        0.0001152574986917898
      ],
      "ridge_curve_standard": [
        0.985855221748352,
        0.8876640200614929,
        0.6348589062690735,
        0.4852662980556488,
        0.3545217514038086,
        0.251848042011261,
        0.18811076879501343,
        0.1490727961063385,
        0.09085847437381744,
        0.07770688831806183,
        0.07211091369390488
      ],
      "fitness": 30.137157440185547
    },
    "plots": []
  },
  "algorithm_id": {
    "summary": "Model is intermediate, does not adapt regularization to noise",
    "data": {
      "identified_algorithm": "intermediate",
      "ridge_vs_ols": {
        "null_space_pred_mean_abs": 0.06451056897640228,
        "typical_pred_mean_abs": 0.19996094213558196,
        "null_space_norm_ratio": 0.32261584831232387,
        "interpretation": "intermediate"
      },
      "regularization_adaptation": {
        "noise_levels": [
          0.01,
          0.1,
          0.5,
          1.0
        ],
        "shrinkage_estimates": [
          0.9934902191162109,
          1.0188499689102173,
          1.240253210067749,
          2.7372405529022217
        ],
        "adapts_regularization": false
      },
      "preconditioned_gd": {
        "isotropic_errors": [
          1.4864057302474976,
          0.5802436470985413,
          0.4536914825439453,
          0.435383141040802,
          0.29330816864967346,
          0.290874183177948,
          0.18421779572963715,
          0.11484023928642273,
          0.10001123696565628,
          0.03319316729903221,
          0.02042897418141365
        ],
        "anisotropic_errors": [
          7.265969276428223,
          5.104538440704346,
          1.085615634918213,
          1.849556803703308,
          1.4372198581695557,
          2.257880687713623,
          1.0974371433258057,
          1.282315969467163,
          1.8417776823043823,
          0.5433637499809265,
          1.2568976879119873
        ],
        "final_error_ratio": 61.52521714983344,
        "interpretation": "vanilla_gd"
      }
    },
    "plots": []
  },
  "weight_recovery": {
    "summary": "At k=10: cos_sim(w_hat, w_true)=-0.541, cos_sim(w_hat, w_ridge)=0.454",
    "data": {
      "per_k": {
        "1": {
          "w_hat": [
            -0.17853467166423798,
            -1.0915963649749756,
            -0.2390453815460205,
            -1.2960363626480103,
            0.5436195135116577
          ],
          "cos_sim_to_true_w": 0.13127726316452026,
          "cos_sim_to_ridge": 0.0,
          "l2_distance_to_ridge": 1.8043925762176514
        },
        "5": {
          "w_hat": [
            -2.11435604095459,
            -4.37601375579834,
            -3.73549485206604,
            -3.2262144088745117,
            -3.4306695461273193
          ],
          "cos_sim_to_true_w": -0.649826169013977,
          "cos_sim_to_ridge": 0.21245607733726501,
          "l2_distance_to_ridge": 7.562094211578369
        },
        "10": {
          "w_hat": [
            -1.4633630514144897,
            -4.684945106506348,
            -4.281435966491699,
            -4.829526901245117,
            -2.7477893829345703
          ],
          "cos_sim_to_true_w": -0.5411527156829834,
          "cos_sim_to_ridge": 0.45445483922958374,
          "l2_distance_to_ridge": 7.720251560211182
        }
      }
    },
    "plots": []
  },
  "attention": {
    "summary": "Error: 'NoneType' object has no attribute 'shape'",
    "data": {},
    "plots": []
  },
  "gradient_attribution": {
    "summary": "Sensitivity Gini: std=0.394, adv=0.903 (diff=+0.508)",
    "data": {
      "adversarial": {
        "gini_coefficient": 0.9028072953224182,
        "max_mean_ratio": 10.918614387512207,
        "top3_mass_fraction": 0.9948681592941284,
        "sensitivity_per_point": [
          7.009222002807292e-08,
          7.099627197248992e-08,
          7.104115695710789e-08,
          7.106633859166323e-08,
          7.108629773711073e-08,
          7.10986540752856e-08,
          7.111420075034403e-08,
          7.112005562248669e-08,
          7.112334543535326e-08,
          7.11290368826667e-08,
          0.0001052151492331177
        ]
      },
      "standard": {
        "gini_coefficient": 0.3943103849887848,
        "max_mean_ratio": 2.8045082092285156,
        "top3_mass_fraction": 0.550515353679657,
        "sensitivity_per_point": [
          0.4315261244773865,
          0.37978261709213257,
          0.4335785210132599,
          0.40951159596443176,
          0.3657190799713135,
          0.43674325942993164,
          0.2448241114616394,
          0.28760671615600586,
          0.20336033403873444,
          0.32105863094329834,
          1.017392635345459
        ]
      }
    },
    "plots": []
  },
  "pipeline_ablation": {
    "summary": "Load-bearing component: stage_2_mixture_injection (fitness=11.1128, 37% of full)",
    "data": {
      "full_fitness": 30.121929168701172,
      "ablations": {
        "base_only": {
          "base": "gaussian",
          "fitness": 0.0,
          "fraction_of_full": 0.0
        },
        "stage_0_dimension_interaction": {
          "transform": "dimension_interaction",
          "fitness": 0.45020565390586853,
          "fraction_of_full": 0.014946109568048621
        },
        "stage_2_mixture_injection": {
          "transform": "mixture_injection",
          "fitness": 11.112751960754395,
          "fraction_of_full": 0.3689256386875804
        },
        "stage_3_elementwise_power": {
          "transform": "elementwise_power",
          "fitness": 0.0,
          "fraction_of_full": 0.0
        },
        "stage_4_affine": {
          "transform": "affine",
          "fitness": 0.945469081401825,
          "fraction_of_full": 0.0313880653457732
        },
        "stage_7_affine": {
          "transform": "affine",
          "fitness": 1.020174503326416,
          "fraction_of_full": 0.033868166187966744
        }
      }
    },
    "plots": []
  }
}