{
  "learning_curve": {
    "summary": "ICL-ridge corr: std=0.99, adv=0.52",
    "data": {
      "classification": "icl_tracks_then_diverges",
      "corr_standard": 0.9876473912095177,
      "corr_adversarial": 0.519199680360111,
      "icl_vs_averaging_standard": 0.2166815996170044,
      "icl_curve_adversarial": [
        920254464.0,
        920258944.0,
        920246144.0,
        920257664.0,
        920254336.0,
        920245952.0,
        920254144.0,
        920252800.0,
        920253632.0,
        920252736.0,
        920243904.0
      ],
      "icl_curve_standard": [
        0.9253413081169128,
        0.8402069807052612,
        0.6597272753715515,
        0.41977858543395996,
        0.3053469657897949,
        0.2943187654018402,
        0.13542713224887848,
        0.06209850311279297,
        0.044870518147945404,
        0.03559247404336929,
        0.0372699573636055
      ],
      "ridge_curve_adversarial": [
        920258176.0,
        0.00016586898709647357,
        8.98505313671194e-05,
        7.670293416595086e-05,
        7.218804967124015e-05,
        6.888774078106508e-05,
        7.1167632995639e-05,
        7.534956239396706e-05,
        6.997822492849082e-05,
        7.933384040370584e-05,
        0.000401482597226277
      ],
      "ridge_curve_standard": [
        0.9396015405654907,
        0.8578885793685913,
        0.6896732449531555,
        0.4817627966403961,
        0.36795690655708313,
        0.26550379395484924,
        0.1791694611310959,
        0.15486952662467957,
        0.09769223630428314,
        0.07035741209983826,
        0.058182232081890106
      ],
      "fitness": 30.01681137084961
    },
    "plots": []
  },
  "algorithm_id": {
    "summary": "Model is ridge-like, does not adapt regularization to noise",
    "data": {
      "identified_algorithm": "ridge-like",
      "ridge_vs_ols": {
        "null_space_pred_mean_abs": 0.04064882546663284,
        "typical_pred_mean_abs": 0.20722747849060058,
        "null_space_norm_ratio": 0.1961555762908952,
        "interpretation": "ridge"
      },
      "regularization_adaptation": {
        "noise_levels": [
          0.01,
          0.1,
          0.5,
          1.0
        ],
        "shrinkage_estimates": [
          1.1472502946853638,
          1.1056106090545654,
          13.513384819030762,
          1.8556897640228271
        ],
        "adapts_regularization": false
      },
      "preconditioned_gd": {
        "isotropic_errors": [
          0.9239235520362854,
          0.6071394085884094,
          0.6051197052001953,
          0.4627026617527008,
          0.5606707334518433,
          0.4809334874153137,
          0.09011118859052658,
          0.11509053409099579,
          0.17428864538669586,
          0.033123429864645004,
          0.03593093901872635
        ],
        "anisotropic_errors": [
          60.62721633911133,
          16.122798919677734,
          19.095287322998047,
          18.52173614501953,
          6.031771659851074,
          7.207798957824707,
          7.300981044769287,
          3.262343168258667,
          18.34587860107422,
          31.464916229248047,
          16.04550552368164
        ],
        "final_error_ratio": 446.5650354884617,
        "interpretation": "vanilla_gd"
      }
    },
    "plots": []
  },
  "weight_recovery": {
    "summary": "At k=10: cos_sim(w_hat, w_true)=-0.413, cos_sim(w_hat, w_ridge)=0.122",
    "data": {
      "per_k": {
        "1": {
          "w_hat": [
            -0.20275314152240753,
            -1.084943413734436,
            -0.23664364218711853,
            -1.2909026145935059,
            0.556174635887146
          ],
          "cos_sim_to_true_w": 0.300792396068573,
          "cos_sim_to_ridge": 0.0,
          "l2_distance_to_ridge": 1.8027676343917847
        },
        "5": {
          "w_hat": [
            -2.1099939346313477,
            -4.414909839630127,
            -3.76010799407959,
            -3.2878432273864746,
            -3.4306395053863525
          ],
          "cos_sim_to_true_w": -0.5251642465591431,
          "cos_sim_to_ridge": -0.2501620054244995,
          "l2_distance_to_ridge": 8.710379600524902
        },
        "10": {
          "w_hat": [
            -1.463104486465454,
            -4.642261505126953,
            -3.756171464920044,
            -4.817261695861816,
            -2.7517781257629395
          ],
          "cos_sim_to_true_w": -0.4128044843673706,
          "cos_sim_to_ridge": 0.12245461344718933,
          "l2_distance_to_ridge": 8.595515251159668
        }
      }
    },
    "plots": []
  },
  "attention": {
    "summary": "Error: 'NoneType' object has no attribute 'shape'",
    "data": {},
    "plots": []
  },
  "gradient_attribution": {
    "summary": "Sensitivity Gini: std=0.439, adv=0.903 (diff=+0.464)",
    "data": {
      "adversarial": {
        "gini_coefficient": 0.9029053449630737,
        "max_mean_ratio": 10.919548988342285,
        "top3_mass_fraction": 0.9949454665184021,
        "sensitivity_per_point": [
          6.772266658572335e-08,
          6.857251122482921e-08,
          6.861506562927389e-08,
          6.864244284088272e-08,
          6.866061141863611e-08,
          6.866896029578129e-08,
          6.868275193028239e-08,
          6.868710045182524e-08,
          6.869735358350226e-08,
          6.870017443816323e-08,
          0.00010357201972510666
        ]
      },
      "standard": {
        "gini_coefficient": 0.43938037753105164,
        "max_mean_ratio": 3.1017348766326904,
        "top3_mass_fraction": 0.6079764366149902,
        "sensitivity_per_point": [
          0.3287478983402252,
          0.35674208402633667,
          0.3422248065471649,
          0.3671962022781372,
          0.3719002306461334,
          0.22133412957191467,
          0.20230862498283386,
          0.2486221194267273,
          0.3767668902873993,
          0.23567980527877808,
          1.033066749572754
        ]
      }
    },
    "plots": []
  },
  "pipeline_ablation": {
    "summary": "Load-bearing component: stage_2_mixture_injection (fitness=11.8466, 40% of full)",
    "data": {
      "full_fitness": 29.924707412719727,
      "ablations": {
        "base_only": {
          "base": "log_normal",
          "fitness": 0.0,
          "fraction_of_full": 0.0
        },
        "stage_2_mixture_injection": {
          "transform": "mixture_injection",
          "fitness": 11.846612930297852,
          "fraction_of_full": 0.3958806601832822
        },
        "stage_3_elementwise_power": {
          "transform": "elementwise_power",
          "fitness": 0.0,
          "fraction_of_full": 0.0
        },
        "stage_4_affine": {
          "transform": "affine",
          "fitness": 0.836166501045227,
          "fraction_of_full": 0.027942345074036867
        },
        "stage_7_affine": {
          "transform": "affine",
          "fitness": 1.0046888589859009,
          "fraction_of_full": 0.03357389079176464
        }
      }
    },
    "plots": []
  }
}