{
  "config": {
    "d": 4,
    "n_embd": 128,
    "n_layer": 6,
    "n_head": 4,
    "training_steps": 50000,
    "batch_size": 64,
    "lr": 0.0001,
    "warmup_steps": 1000,
    "weight_decay": 1e-05,
    "max_grad_norm": 1.0,
    "b_train_iterations": 3,
    "b_iteration_weights": [
      0.2,
      0.3,
      0.5
    ],
    "c_residual_weight": 0.5,
    "num_context": 5,
    "kappa_min": 1.0,
    "kappa_max": 100.0,
    "test_iterations": 5,
    "test_batches": 50,
    "kappa_ranges": [
      [
        1,
        10
      ],
      [
        10,
        50
      ],
      [
        50,
        100
      ],
      [
        100,
        200
      ]
    ],
    "output_dir": "experiment_results/approaches_b_c",
    "device": "cuda",
    "log_every": 1000
  },
  "results": {
    "baseline": {
      "1-10": {
        "mse_by_iteration": {
          "0": {
            "mean": 5.9280719433445484e-05,
            "std": 1.7194926170176818e-05
          },
          "1": {
            "mean": 0.445122526884079,
            "std": 0.04582453873652123
          },
          "2": {
            "mean": 0.427204332947731,
            "std": 0.04446410220651251
          },
          "3": {
            "mean": 0.50654909491539,
            "std": 0.045007485805122385
          },
          "4": {
            "mean": 0.4790202397108078,
            "std": 0.04399821387260041
          }
        },
        "improvement_ratio": {
          "mean": 0.00012468497220488443,
          "std": 3.696461960275366e-05
        },
        "improved_fraction": 0.0
      },
      "10-50": {
        "mse_by_iteration": {
          "0": {
            "mean": 0.00042241553688654676,
            "std": 0.00015680171380842606
          },
          "1": {
            "mean": 0.19525022119283675,
            "std": 0.03074013667469194
          },
          "2": {
            "mean": 0.1880660429596901,
            "std": 0.028646611842573787
          },
          "3": {
            "mean": 0.29381400942802427,
            "std": 0.03326048744263021
          },
          "4": {
            "mean": 0.25748160749673843,
            "std": 0.031737839944459556
          }
        },
        "improvement_ratio": {
          "mean": 0.0016502071099529347,
          "std": 0.0005836868378830269
        },
        "improved_fraction": 0.0
      },
      "50-100": {
        "mse_by_iteration": {
          "0": {
            "mean": 0.001394382242579013,
            "std": 0.0005924504807203758
          },
          "1": {
            "mean": 0.16103098124265672,
            "std": 0.02473353958551921
          },
          "2": {
            "mean": 0.15761851504445076,
            "std": 0.022846865020938696
          },
          "3": {
            "mean": 0.26787102699279786,
            "std": 0.025163089865757663
          },
          "4": {
            "mean": 0.23235829770565034,
            "std": 0.024472065002235893
          }
        },
        "improvement_ratio": {
          "mean": 0.006004696740801164,
          "std": 0.0025188250798494306
        },
        "improved_fraction": 0.0
      },
      "100-200": {
        "mse_by_iteration": {
          "0": {
            "mean": 0.0025611146935261785,
            "std": 0.0007872730968247021
          },
          "1": {
            "mean": 0.13739310160279275,
            "std": 0.021023038497973552
          },
          "2": {
            "mean": 0.13401981502771376,
            "std": 0.020269037740027487
          },
          "3": {
            "mean": 0.24364298820495606,
            "std": 0.02579241972446458
          },
          "4": {
            "mean": 0.21056145131587983,
            "std": 0.023837860110472602
          }
        },
        "improvement_ratio": {
          "mean": 0.012218526165912715,
          "std": 0.0035290371441013533
        },
        "improved_fraction": 0.0
      }
    },
    "approach_b": {
      "1-10": {
        "mse_by_iteration": {
          "0": {
            "mean": 7.965619537571911e-05,
            "std": 2.6355710674141247e-05
          },
          "1": {
            "mean": 5.381763687182684e-05,
            "std": 1.9548756790678257e-05
          },
          "2": {
            "mean": 5.215682722337078e-05,
            "std": 2.1994285911391692e-05
          },
          "3": {
            "mean": 0.6078450840711593,
            "std": 0.06928369700155775
          },
          "4": {
            "mean": 0.6042076539993286,
            "std": 0.06766177055665441
          }
        },
        "improvement_ratio": {
          "mean": 0.0001332143467214918,
          "std": 4.654011261944305e-05
        },
        "improved_fraction": 0.0
      },
      "10-50": {
        "mse_by_iteration": {
          "0": {
            "mean": 0.0005123815889237449,
            "std": 0.00019502611481767064
          },
          "1": {
            "mean": 0.00027394900782383045,
            "std": 9.100881506401696e-05
          },
          "2": {
            "mean": 0.0002538093997281976,
            "std": 8.650161921667519e-05
          },
          "3": {
            "mean": 0.3449175369739532,
            "std": 0.032909573351103616
          },
          "4": {
            "mean": 0.3507102233171463,
            "std": 0.032504130605957304
          }
        },
        "improvement_ratio": {
          "mean": 0.0014585929130583658,
          "std": 0.0005268708106473466
        },
        "improved_fraction": 0.0
      },
      "50-100": {
        "mse_by_iteration": {
          "0": {
            "mean": 0.001932088597677648,
            "std": 0.0006538627298764341
          },
          "1": {
            "mean": 0.0010832907736767084,
            "std": 0.00046861138398166544
          },
          "2": {
            "mean": 0.0010308756749145686,
            "std": 0.0004689667709584104
          },
          "3": {
            "mean": 0.3060948610305786,
            "std": 0.026761025187332508
          },
          "4": {
            "mean": 0.3141415429115295,
            "std": 0.026621540976971784
          }
        },
        "improvement_ratio": {
          "mean": 0.006166017004005226,
          "std": 0.002141470477994285
        },
        "improved_fraction": 0.0
      },
      "100-200": {
        "mse_by_iteration": {
          "0": {
            "mean": 0.004441991257481277,
            "std": 0.0012087659413853359
          },
          "1": {
            "mean": 0.002718578663188964,
            "std": 0.0009067920754302464
          },
          "2": {
            "mean": 0.002587314930278808,
            "std": 0.0008730861271653628
          },
          "3": {
            "mean": 0.29877250373363495,
            "std": 0.021294576274158882
          },
          "4": {
            "mean": 0.3075744068622589,
            "std": 0.020895276173279582
          }
        },
        "improvement_ratio": {
          "mean": 0.01443324902173899,
          "std": 0.0037823439959191775
        },
        "improved_fraction": 0.0
      }
    },
    "approach_c": {
      "1-10": {
        "mse_by_iteration": {
          "0": {
            "mean": 6.58353028120473e-05,
            "std": 4.269917039226458e-05
          },
          "1": {
            "mean": 5.047807637311053e-05,
            "std": 1.0061769331284251e-05
          },
          "2": {
            "mean": 4.954584168444853e-05,
            "std": 9.655964946202987e-06
          },
          "3": {
            "mean": 4.959166399203241e-05,
            "std": 9.747008184764002e-06
          },
          "4": {
            "mean": 4.959773970767856e-05,
            "std": 9.769214719505516e-06
          }
        },
        "improvement_ratio": {
          "mean": 1.3483096182789276,
          "std": 1.0132068000696888
        },
        "improved_fraction": 0.86
      },
      "10-50": {
        "mse_by_iteration": {
          "0": {
            "mean": 0.00030345138206030244,