{
  "T": 512,
  "base_p_i": 0.8,
  "replay_frac": 0.7,
  "families": [
    {
      "name": "bit_markov_c01_a1.00",
      "kind": "ClusterFamily",
      "alpha": 1.0,
      "cluster_size": 1314,
      "cluster_mean_glitch": 0.7966092313128246,
      "rep_config": {
        "name": "stationary",
        "T": 512,
        "p_w": 0.9831053463198731,
        "p_r": 7.334890624352217e-06,
        "bit_p1": 0.999274490683574
      },
      "dist": {
        "name": "stationary",
        "T": 512,
        "p_w": 0.9831053463198731,
        "p_r": 7.334890624352217e-06,
        "bit_p1": 0.999274490683574
      },
      "axis": "bit_markov"
    },
    {
      "name": "bit_markov_c00_a1.00",
      "kind": "ClusterFamily",
      "alpha": 1.0,
      "cluster_size": 721,
      "cluster_mean_glitch": 0.41813662008528785,
      "rep_config": {
        "name": "stationary",
        "T": 512,
        "p_w": 0.9820936799496869,
        "p_r": 1.660180981061923e-05,
        "bit_p1": 0.0012801158710548713
      },
      "dist": {
        "name": "stationary",
        "T": 512,
        "p_w": 0.9820936799496869,
        "p_r": 1.660180981061923e-05,
        "bit_p1": 0.0012801158710548713
      },
      "axis": "bit_markov"
    }
  ]
}